[
  {
    "slug": "site-de-sugar-baby",
    "title": "Site de Sugar Baby: Descubra o melhor site sugar para você",
    "description": "O Site de Sugar Baby mais falado do momento é a Bebaby site de relacionamento Sugar. Conheça Sugar Daddy de todo o Brasil e perto de você.",
    "content": "<p><strong>Site de Sugar Baby:</strong> Antes de mais nada, descubra tudo sobre o universo sugar. <strong>Em seguida</strong>, encontre a plataforma certa para, <strong>enfim</strong>, viver experiências reais com estilo e liberdade.</p><p>Se você quer entender como funciona um <a target=\"_blank\" rel=\"noopener noreferrer nofollow\" class=\"\" href=\"https://bebaby.app/blog/site-de-sugar/\"><strong>site de sugar</strong></a>, com todos os detalhes sobre essa dinâmica de relação moderna, clique aqui e leia nosso post completo.”</p><h2><strong>O que é um site de Sugar Baby?</strong></h2><p>Um site de sugar baby é, <strong>em essência</strong>, uma plataforma digital que conecta pessoas com interesses complementares:</p><ul><li><p><strong>De um lado</strong>, sugar daddys e sugar mommys: maduros, bem-sucedidos e generosos.</p></li><li><p><strong>Do outro</strong>, sugar babys: jovens com ambição, charme e sede de viver o melhor da vida.</p></li></ul><p><strong>Mais do que isso</strong>, um site de relacionamento sugar proporciona experiências baseadas em acordos claros, <strong>transparência total</strong> e, acima de tudo, <strong>valorização mútua</strong>.</p><h2><strong>Não confunda: Sugar baby não é garota de programa</strong></h2><p><strong>Sem dúvida</strong>, essa é uma das maiores confusões sobre o universo sugar.<br><strong>Afinal</strong>, ser uma sugar baby é escolher um estilo de vida — <strong>e não</strong> uma simples transação.</p><p><strong>Ou seja</strong>, sugar não é sobre troca direta: é sobre admiração, apoio e conexão entre mundos diferentes.<br><strong>Em outras palavras</strong>, quem entra num site de sugar baby busca algo com sentido — <strong>e não</strong> um momento vazio.</p><h2><strong>Como funciona um site de sugar baby?</strong></h2><p><strong>Geralmente</strong>, o processo segue esse caminho:</p><ol><li><p><strong>Para começar</strong>, cadastro gratuito (na maioria dos sites — especialmente para sugar babys).</p></li><li><p><strong>Em seguida</strong>, criação de um perfil com fotos, descrição e preferências.</p></li><li><p><strong>Depois disso</strong>, visualização de perfis de sugar daddys disponíveis.</p></li><li><p><strong>Por fim</strong>, interação com base em interesses mútuos e acordo entre as partes.</p></li></ol><p><strong>Nesse cenário</strong>, plataformas como a <a target=\"_blank\" rel=\"noopener noreferrer nofollow\" href=\"http://Bebaby.app\"><strong>Bebaby.app</strong></a> se destacam por oferecer um ambiente seguro, moderno e focado em liberdade de escolha — com moderação real e verificação de perfis.</p><h2><strong>É seguro usar um site de sugar baby?</strong></h2><p><strong>Sim — é possível</strong>, desde que você escolha um site confiável, com moderação ativa e um código de conduta claro.</p><p><strong>Nesse sentido</strong>, a <strong>Bebaby</strong>, por exemplo:</p><ul><li><p><strong>Antes de tudo</strong>, verifica os perfis antes da publicação.</p></li><li><p><strong>Além disso</strong>, bloqueia usuários que pedem dinheiro ou se comportam de forma abusiva.</p></li><li><p><strong>Para completar</strong>, protege seus dados com criptografia.</p></li><li><p><strong>E o mais importante</strong>, incentiva o uso responsável, com foco total em segurança emocional.</p></li></ul><h2><strong>Qual é o melhor site de sugar baby em 2025?</strong></h2><p><strong>Afinal</strong>, a escolha do site certo depende do seu perfil e do que você está buscando.<br><strong>Enquanto</strong> alguns sites são muito comerciais ou focam apenas no glamour, <strong>por outro lado</strong>, plataformas como a <strong>Bebaby</strong> valorizam a experiência completa: respeito, estilo de vida, acordos sinceros e conexão real.</p><h2><strong>Depoimento real de uma sugar baby:</strong></h2><blockquote><p><em>“Me cadastrei na BeBaby depois de passar por outras plataformas que me deixaram insegura. Logo no primeiro dia, percebi a diferença: gente educada, perfis reais e um ambiente leve. Hoje eu vivo experiências que me valorizam — sem joguinhos, só conexão de verdade.”<br>— Ana, 24 anos</em></p></blockquote><h2><strong>Conclusão</strong></h2><p><strong>Se atualmente</strong> você está buscando um site de sugar baby sério, seguro e moderno, saiba que a resposta pode estar a apenas um clique de distância.</p><p><strong>Por isso</strong>, conheça a<a target=\"_blank\" rel=\"noopener noreferrer nofollow\" href=\"https://bebaby.app/\"> </a><a target=\"_blank\" rel=\"noopener noreferrer nofollow\" href=\"http://Bebaby.app\"><strong>Bebaby.app</strong></a> e descubra como um simples cadastro pode — <strong>literalmente</strong> — mudar sua vida, com liberdade, estilo e admiração genuína.</p><p></p><h3><strong>Descubra seu valor no mundo Sugar</strong></h3><p><strong>Quer saber se você está pronta para esse universo?</strong><br>Use agora a <strong>Calculadora Sugar</strong> e descubra o <strong>seu valor estimado</strong> com base em quem você é, o que oferece e o que busca.</p><p><strong>É rápido, sigiloso e pode mudar o rumo dos seus encontros.</strong></p><p><a target=\"_blank\" rel=\"noopener noreferrer nofollow\" href=\"https://calculadorasugar.com.br/\"><strong>Clique aqui e faça o teste.</strong></a></p><p><br>Seu próximo daddy pode estar a um passo de distância — e tudo começa por você se conhecer.</p><hr>",
    "image": "/uploads/1750095673763-fm1jtu.webp",
    "status": "ativo",
    "createdAt": "2024-06-16T10:00:00.000Z",
    "faqs": [
      {
        "question": "Qual o perfil ideal de uma sugar baby?",
        "answer": "Não existe padrão único. O que mais atrai sugar daddys é atitude, autenticidade e leveza. Ser direta e saber o que quer conta mais que qualquer selfie no espelho."
      },
      {
        "question": "Preciso pagar algo para me cadastrar como sugar baby?",
        "answer": "Na maioria dos sites, como a BeBaby, o cadastro para sugar babys é gratuito. Algumas funções extras são pagas, mas o essencial costuma ser liberado."
      },
      {
        "question": "Quantas fotos devo colocar no meu perfil?",
        "answer": "Entre 3 e 6 fotos é o ideal. Mostre sua personalidade: uma de rosto, uma sorrindo, uma em ambiente mais elegante. Nunca use filtros exagerados ou fotos de 10 anos atrás."
      },
      {
        "question": "Vale a pena conversar com mais de um sugar daddy ao mesmo tempo?",
        "answer": "Sim, desde que você seja sincera. O universo sugar é aberto e baseado em escolhas. Até encontrar uma boa conexão, testar possibilidades é natural."
      },
      {
        "question": "Como dizer o que quero sem parecer interesseira?",
        "answer": "Use sua bio com inteligência: seja clara, confiante e elegante. Fale sobre seus objetivos, seu estilo de vida e o que valoriza em um relacionamento — sem parecer exigente nem submissa."
      },
      {
        "question": "Posso ser sugar baby mesmo morando em cidade pequena?",
        "answer": "Claro! Muitos sugar daddys buscam conexão emocional antes da distância. E com o online, tudo começa com uma boa conversa — e a possibilidade de viajar é um atrativo a mais."
      }
    ]
  }
]